"Program","Year","Period","Week Ending","Geo Level","State","State ANSI","Ag District","Ag District Code","County","County ANSI","Zip Code","Region","watershed_code","Watershed","Commodity","Data Item","Domain","Domain Category","Value","CV (%)"
"SURVEY","2024","YEAR","","STATE","MINNESOTA","27","","","","","","","00000000","","CORN","CORN, GRAIN - YIELD, MEASURED IN BU / ACRE","TOTAL","NOT SPECIFIED","183",""
"SURVEY","2023","YEAR","","STATE","MINNESOTA","27","","","","","","","00000000","","CORN","CORN, GRAIN - YIELD, MEASURED IN BU / ACRE","TOTAL","NOT SPECIFIED","185",""
"SURVEY","2023","YEAR","","STATE","MINNESOTA","27","","","","","","","00000000","","CORN","CORN, SILAGE - YIELD, MEASURED IN TONS / ACRE","TOTAL","NOT SPECIFIED","18.5",""
"SURVEY","2022","YEAR","","STATE","MINNESOTA","27","","","","","","","00000000","","CORN","CORN, GRAIN - YIELD, MEASURED IN BU / ACRE","TOTAL","NOT SPECIFIED","195",""
"SURVEY","2022","YEAR","","STATE","MINNESOTA","27","","","","","","","00000000","","CORN","CORN, SILAGE - YIELD, MEASURED IN TONS / ACRE","TOTAL","NOT SPECIFIED","21.5",""
"SURVEY","2021","YEAR","","STATE","MINNESOTA","27","","","","","","","00000000","","CORN","CORN, GRAIN - YIELD, MEASURED IN BU / ACRE","TOTAL","NOT SPECIFIED","177",""
"SURVEY","2021","YEAR","","STATE","MINNESOTA","27","","","","","","","00000000","","CORN","CORN, SILAGE - YIELD, MEASURED IN TONS / ACRE","TOTAL","NOT SPECIFIED","19",""
"SURVEY","2020","YEAR","","STATE","MINNESOTA","27","","","","","","","00000000","","CORN","CORN, GRAIN - YIELD, MEASURED IN BU / ACRE","TOTAL","NOT SPECIFIED","191",""
"SURVEY","2020","YEAR","","STATE","MINNESOTA","27","","","","","","","00000000","","CORN","CORN, SILAGE - YIELD, MEASURED IN TONS / ACRE","TOTAL","NOT SPECIFIED","23",""
"SURVEY","2019","YEAR","","STATE","MINNESOTA","27","","","","","","","00000000","","CORN","CORN, GRAIN - YIELD, MEASURED IN BU / ACRE","TOTAL","NOT SPECIFIED","174",""
"SURVEY","2019","YEAR","","STATE","MINNESOTA","27","","","","","","","00000000","","CORN","CORN, SILAGE - YIELD, MEASURED IN TONS / ACRE","TOTAL","NOT SPECIFIED","19",""
"SURVEY","2018","YEAR","","STATE","MINNESOTA","27","","","","","","","00000000","","CORN","CORN, GRAIN - YIELD, MEASURED IN BU / ACRE","TOTAL","NOT SPECIFIED","182",""
"SURVEY","2018","YEAR","","STATE","MINNESOTA","27","","","","","","","00000000","","CORN","CORN, SILAGE - YIELD, MEASURED IN TONS / ACRE","TOTAL","NOT SPECIFIED","22",""
"SURVEY","2017","YEAR","","STATE","MINNESOTA","27","","","","","","","00000000","","CORN","CORN, GRAIN - YIELD, MEASURED IN BU / ACRE","TOTAL","NOT SPECIFIED","194",""
"SURVEY","2017","YEAR","","STATE","MINNESOTA","27","","","","","","","00000000","","CORN","CORN, SILAGE - YIELD, MEASURED IN TONS / ACRE","TOTAL","NOT SPECIFIED","21.5",""
"SURVEY","2016","YEAR","","STATE","MINNESOTA","27","","","","","","","00000000","","CORN","CORN, GRAIN - YIELD, MEASURED IN BU / ACRE","TOTAL","NOT SPECIFIED","193",""
"SURVEY","2016","YEAR","","STATE","MINNESOTA","27","","","","","","","00000000","","CORN","CORN, SILAGE - YIELD, MEASURED IN TONS / ACRE","TOTAL","NOT SPECIFIED","21.5",""
"SURVEY","2015","YEAR","","STATE","MINNESOTA","27","","","","","","","00000000","","CORN","CORN, GRAIN - YIELD, MEASURED IN BU / ACRE","TOTAL","NOT SPECIFIED","188",""
"SURVEY","2015","YEAR","","STATE","MINNESOTA","27","","","","","","","00000000","","CORN","CORN, SILAGE - YIELD, MEASURED IN TONS / ACRE","TOTAL","NOT SPECIFIED","21.5",""
"SURVEY","2014","YEAR","","STATE","MINNESOTA","27","","","","","","","00000000","","CORN","CORN, GRAIN - YIELD, MEASURED IN BU / ACRE","TOTAL","NOT SPECIFIED","156",""
"SURVEY","2014","YEAR","","STATE","MINNESOTA","27","","","","","","","00000000","","CORN","CORN, SILAGE - YIELD, MEASURED IN TONS / ACRE","TOTAL","NOT SPECIFIED","18",""
"SURVEY","2013","YEAR","","STATE","MINNESOTA","27","","","","","","","00000000","","CORN","CORN, GRAIN - YIELD, MEASURED IN BU / ACRE","TOTAL","NOT SPECIFIED","159",""
"SURVEY","2013","YEAR","","STATE","MINNESOTA","27","","","","","","","00000000","","CORN","CORN, SILAGE - YIELD, MEASURED IN TONS / ACRE","TOTAL","NOT SPECIFIED","16.5",""
"SURVEY","2012","YEAR","","STATE","MINNESOTA","27","","","","","","","00000000","","CORN","CORN, GRAIN - YIELD, MEASURED IN BU / ACRE","TOTAL","NOT SPECIFIED","165",""
"SURVEY","2012","YEAR","","STATE","MINNESOTA","27","","","","","","","00000000","","CORN","CORN, SILAGE - YIELD, MEASURED IN TONS / ACRE","TOTAL","NOT SPECIFIED","18",""
"SURVEY","2011","YEAR","","STATE","MINNESOTA","27","","","","","","","00000000","","CORN","CORN, GRAIN - YIELD, MEASURED IN BU / ACRE","TOTAL","NOT SPECIFIED","155",""
"SURVEY","2011","YEAR","","STATE","MINNESOTA","27","","","","","","","00000000","","CORN","CORN, SILAGE - YIELD, MEASURED IN TONS / ACRE","TOTAL","NOT SPECIFIED","18",""
"SURVEY","2010","YEAR","","STATE","MINNESOTA","27","","","","","","","00000000","","CORN","CORN, GRAIN - YIELD, MEASURED IN BU / ACRE","TOTAL","NOT SPECIFIED","177",""
"SURVEY","2010","YEAR","","STATE","MINNESOTA","27","","","","","","","00000000","","CORN","CORN, SILAGE - YIELD, MEASURED IN TONS / ACRE","TOTAL","NOT SPECIFIED","20",""
"SURVEY","2009","YEAR","","STATE","MINNESOTA","27","","","","","","","00000000","","CORN","CORN, GRAIN - YIELD, MEASURED IN BU / ACRE","TOTAL","NOT SPECIFIED","174",""
"SURVEY","2009","YEAR","","STATE","MINNESOTA","27","","","","","","","00000000","","CORN","CORN, SILAGE - YIELD, MEASURED IN TONS / ACRE","TOTAL","NOT SPECIFIED","20",""
"SURVEY","2008","YEAR","","STATE","MINNESOTA","27","","","","","","","00000000","","CORN","CORN, GRAIN - YIELD, MEASURED IN BU / ACRE","TOTAL","NOT SPECIFIED","162",""
"SURVEY","2008","YEAR","","STATE","MINNESOTA","27","","","","","","","00000000","","CORN","CORN, SILAGE - YIELD, MEASURED IN TONS / ACRE","TOTAL","NOT SPECIFIED","16",""
"SURVEY","2007","YEAR","","STATE","MINNESOTA","27","","","","","","","00000000","","CORN","CORN, GRAIN - YIELD, MEASURED IN BU / ACRE","TOTAL","NOT SPECIFIED","146",""
"SURVEY","2007","YEAR","","STATE","MINNESOTA","27","","","","","","","00000000","","CORN","CORN, SILAGE - YIELD, MEASURED IN TONS / ACRE","TOTAL","NOT SPECIFIED","13.5",""
"SURVEY","2006","YEAR","","STATE","MINNESOTA","27","","","","","","","00000000","","CORN","CORN, GRAIN - YIELD, MEASURED IN BU / ACRE","TOTAL","NOT SPECIFIED","161",""
"SURVEY","2006","YEAR","","STATE","MINNESOTA","27","","","","","","","00000000","","CORN","CORN, SILAGE - YIELD, MEASURED IN TONS / ACRE","TOTAL","NOT SPECIFIED","15",""
"SURVEY","2005","YEAR","","STATE","MINNESOTA","27","","","","","","","00000000","","CORN","CORN, GRAIN - YIELD, MEASURED IN BU / ACRE","TOTAL","NOT SPECIFIED","174",""
"SURVEY","2005","YEAR","","STATE","MINNESOTA","27","","","","","","","00000000","","CORN","CORN, SILAGE - YIELD, MEASURED IN TONS / ACRE","TOTAL","NOT SPECIFIED","16",""
"SURVEY","2004","YEAR","","STATE","MINNESOTA","27","","","","","","","00000000","","CORN","CORN, GRAIN - YIELD, MEASURED IN BU / ACRE","TOTAL","NOT SPECIFIED","159",""
"SURVEY","2004","YEAR","","STATE","MINNESOTA","27","","","","","","","00000000","","CORN","CORN, SILAGE - YIELD, MEASURED IN TONS / ACRE","TOTAL","NOT SPECIFIED","16",""
"SURVEY","2003","YEAR","","STATE","MINNESOTA","27","","","","","","","00000000","","CORN","CORN, GRAIN - YIELD, MEASURED IN BU / ACRE","TOTAL","NOT SPECIFIED","146",""
"SURVEY","2003","YEAR","","STATE","MINNESOTA","27","","","","","","","00000000","","CORN","CORN, SILAGE - YIELD, MEASURED IN TONS / ACRE","TOTAL","NOT SPECIFIED","14",""
"SURVEY","2002","YEAR","","STATE","MINNESOTA","27","","","","","","","00000000","","CORN","CORN, GRAIN - YIELD, MEASURED IN BU / ACRE","TOTAL","NOT SPECIFIED","157",""
"SURVEY","2002","YEAR","","STATE","MINNESOTA","27","","","","","","","00000000","","CORN","CORN, SILAGE - YIELD, MEASURED IN TONS / ACRE","TOTAL","NOT SPECIFIED","17",""
"SURVEY","2001","YEAR","","STATE","MINNESOTA","27","","","","","","","00000000","","CORN","CORN, GRAIN - YIELD, MEASURED IN BU / ACRE","TOTAL","NOT SPECIFIED","130",""
"SURVEY","2001","YEAR","","STATE","MINNESOTA","27","","","","","","","00000000","","CORN","CORN, SILAGE - YIELD, MEASURED IN TONS / ACRE","TOTAL","NOT SPECIFIED","14",""
"SURVEY","2000","YEAR","","STATE","MINNESOTA","27","","","","","","","00000000","","CORN","CORN, GRAIN - YIELD, MEASURED IN BU / ACRE","TOTAL","NOT SPECIFIED","145",""
"SURVEY","2000","YEAR","","STATE","MINNESOTA","27","","","","","","","00000000","","CORN","CORN, SILAGE - YIELD, MEASURED IN TONS / ACRE","TOTAL","NOT SPECIFIED","16",""
"SURVEY","1999","YEAR","","STATE","MINNESOTA","27","","","","","","","00000000","","CORN","CORN, GRAIN - YIELD, MEASURED IN BU / ACRE","TOTAL","NOT SPECIFIED","150",""
"SURVEY","1999","YEAR","","STATE","MINNESOTA","27","","","","","","","00000000","","CORN","CORN, SILAGE - YIELD, MEASURED IN TONS / ACRE","TOTAL","NOT SPECIFIED","16",""
"SURVEY","1998","YEAR","","STATE","MINNESOTA","27","","","","","","","00000000","","CORN","CORN, GRAIN - YIELD, MEASURED IN BU / ACRE","TOTAL","NOT SPECIFIED","153",""
"SURVEY","1998","YEAR","","STATE","MINNESOTA","27","","","","","","","00000000","","CORN","CORN, SILAGE - YIELD, MEASURED IN TONS / ACRE","TOTAL","NOT SPECIFIED","16",""
"SURVEY","1997","YEAR","","STATE","MINNESOTA","27","","","","","","","00000000","","CORN","CORN, GRAIN - YIELD, MEASURED IN BU / ACRE","TOTAL","NOT SPECIFIED","132",""
"SURVEY","1997","YEAR","","STATE","MINNESOTA","27","","","","","","","00000000","","CORN","CORN, SILAGE - YIELD, MEASURED IN TONS / ACRE","TOTAL","NOT SPECIFIED","15",""
"SURVEY","1996","YEAR","","STATE","MINNESOTA","27","","","","","","","00000000","","CORN","CORN, GRAIN - YIELD, MEASURED IN BU / ACRE","TOTAL","NOT SPECIFIED","125",""
"SURVEY","1996","YEAR","","STATE","MINNESOTA","27","","","","","","","00000000","","CORN","CORN, SILAGE - YIELD, MEASURED IN TONS / ACRE","TOTAL","NOT SPECIFIED","13",""
"SURVEY","1995","YEAR","","STATE","MINNESOTA","27","","","","","","","00000000","","CORN","CORN, GRAIN - YIELD, MEASURED IN BU / ACRE","TOTAL","NOT SPECIFIED","119",""
"SURVEY","1995","YEAR","","STATE","MINNESOTA","27","","","","","","","00000000","","CORN","CORN, SILAGE - YIELD, MEASURED IN TONS / ACRE","TOTAL","NOT SPECIFIED","12",""
"SURVEY","1994","YEAR","","STATE","MINNESOTA","27","","","","","","","00000000","","CORN","CORN, GRAIN - YIELD, MEASURED IN BU / ACRE","TOTAL","NOT SPECIFIED","142",""
"SURVEY","1994","YEAR","","STATE","MINNESOTA","27","","","","","","","00000000","","CORN","CORN, SILAGE - YIELD, MEASURED IN TONS / ACRE","TOTAL","NOT SPECIFIED","13",""
"SURVEY","1993","YEAR","","STATE","MINNESOTA","27","","","","","","","00000000","","CORN","CORN, GRAIN - YIELD, MEASURED IN BU / ACRE","TOTAL","NOT SPECIFIED","70",""
"SURVEY","1993","YEAR","","STATE","MINNESOTA","27","","","","","","","00000000","","CORN","CORN, SILAGE - YIELD, MEASURED IN TONS / ACRE","TOTAL","NOT SPECIFIED","8.5",""
"SURVEY","1992","YEAR","","STATE","MINNESOTA","27","","","","","","","00000000","","CORN","CORN, GRAIN - YIELD, MEASURED IN BU / ACRE","TOTAL","NOT SPECIFIED","114",""
"SURVEY","1992","YEAR","","STATE","MINNESOTA","27","","","","","","","00000000","","CORN","CORN, SILAGE - YIELD, MEASURED IN TONS / ACRE","TOTAL","NOT SPECIFIED","12",""
"SURVEY","1991","YEAR","","STATE","MINNESOTA","27","","","","","","","00000000","","CORN","CORN, GRAIN - YIELD, MEASURED IN BU / ACRE","TOTAL","NOT SPECIFIED","120",""
"SURVEY","1991","YEAR","","STATE","MINNESOTA","27","","","","","","","00000000","","CORN","CORN, SILAGE - YIELD, MEASURED IN TONS / ACRE","TOTAL","NOT SPECIFIED","13.5",""
"SURVEY","1990","YEAR","","STATE","MINNESOTA","27","","","","","","","00000000","","CORN","CORN, GRAIN - YIELD, MEASURED IN BU / ACRE","TOTAL","NOT SPECIFIED","124",""
"SURVEY","1990","YEAR","","STATE","MINNESOTA","27","","","","","","","00000000","","CORN","CORN, SILAGE - YIELD, MEASURED IN TONS / ACRE","TOTAL","NOT SPECIFIED","12",""
"SURVEY","1989","YEAR","","STATE","MINNESOTA","27","","","","","","","00000000","","CORN","CORN, GRAIN - YIELD, MEASURED IN BU / ACRE","TOTAL","NOT SPECIFIED","125",""
"SURVEY","1989","YEAR","","STATE","MINNESOTA","27","","","","","","","00000000","","CORN","CORN, SILAGE - YIELD, MEASURED IN TONS / ACRE","TOTAL","NOT SPECIFIED","10.5",""
"SURVEY","1988","YEAR","","STATE","MINNESOTA","27","","","","","","","00000000","","CORN","CORN, GRAIN - YIELD, MEASURED IN BU / ACRE","TOTAL","NOT SPECIFIED","74",""
"SURVEY","1988","YEAR","","STATE","MINNESOTA","27","","","","","","","00000000","","CORN","CORN, SILAGE - YIELD, MEASURED IN TONS / ACRE","TOTAL","NOT SPECIFIED","6.2",""
"SURVEY","1987","YEAR","","STATE","MINNESOTA","27","","","","","","","00000000","","CORN","CORN, GRAIN - YIELD, MEASURED IN BU / ACRE","TOTAL","NOT SPECIFIED","127",""
"SURVEY","1987","YEAR","","STATE","MINNESOTA","27","","","","","","","00000000","","CORN","CORN, SILAGE - YIELD, MEASURED IN TONS / ACRE","TOTAL","NOT SPECIFIED","13.5",""
"SURVEY","1986","YEAR","","STATE","MINNESOTA","27","","","","","","","00000000","","CORN","CORN, GRAIN - YIELD, MEASURED IN BU / ACRE","TOTAL","NOT SPECIFIED","122",""
"SURVEY","1986","YEAR","","STATE","MINNESOTA","27","","","","","","","00000000","","CORN","CORN, SILAGE - YIELD, MEASURED IN TONS / ACRE","TOTAL","NOT SPECIFIED","13.5",""
"SURVEY","1985","YEAR","","STATE","MINNESOTA","27","","","","","","","00000000","","CORN","CORN, GRAIN - YIELD, MEASURED IN BU / ACRE","TOTAL","NOT SPECIFIED","115",""
"SURVEY","1985","YEAR","","STATE","MINNESOTA","27","","","","","","","00000000","","CORN","CORN, SILAGE - YIELD, MEASURED IN TONS / ACRE","TOTAL","NOT SPECIFIED","12.5",""
"SURVEY","1984","YEAR","","STATE","MINNESOTA","27","","","","","","","00000000","","CORN","CORN, GRAIN - YIELD, MEASURED IN BU / ACRE","TOTAL","NOT SPECIFIED","107",""
"SURVEY","1984","YEAR","","STATE","MINNESOTA","27","","","","","","","00000000","","CORN","CORN, SILAGE - YIELD, MEASURED IN TONS / ACRE","TOTAL","NOT SPECIFIED","12",""
"SURVEY","1983","YEAR","","STATE","MINNESOTA","27","","","","","","","00000000","","CORN","CORN, GRAIN - YIELD, MEASURED IN BU / ACRE","TOTAL","NOT SPECIFIED","84",""
"SURVEY","1983","YEAR","","STATE","MINNESOTA","27","","","","","","","00000000","","CORN","CORN, SILAGE - YIELD, MEASURED IN TONS / ACRE","TOTAL","NOT SPECIFIED","11.5",""
"SURVEY","1982","YEAR","","STATE","MINNESOTA","27","","","","","","","00000000","","CORN","CORN, GRAIN - YIELD, MEASURED IN BU / ACRE","TOTAL","NOT SPECIFIED","113",""
"SURVEY","1982","YEAR","","STATE","MINNESOTA","27","","","","","","","00000000","","CORN","CORN, SILAGE - YIELD, MEASURED IN TONS / ACRE","TOTAL","NOT SPECIFIED","13.5",""
"SURVEY","1981","YEAR","","STATE","MINNESOTA","27","","","","","","","00000000","","CORN","CORN, GRAIN - YIELD, MEASURED IN BU / ACRE","TOTAL","NOT SPECIFIED","110",""
"SURVEY","1981","YEAR","","STATE","MINNESOTA","27","","","","","","","00000000","","CORN","CORN, SILAGE - YIELD, MEASURED IN TONS / ACRE","TOTAL","NOT SPECIFIED","13.5",""
"SURVEY","1980","YEAR","","STATE","MINNESOTA","27","","","","","","","00000000","","CORN","CORN, GRAIN - YIELD, MEASURED IN BU / ACRE","TOTAL","NOT SPECIFIED","97",""
"SURVEY","1980","YEAR","","STATE","MINNESOTA","27","","","","","","","00000000","","CORN","CORN, SILAGE - YIELD, MEASURED IN TONS / ACRE","TOTAL","NOT SPECIFIED","12",""
"SURVEY","1979","YEAR","","STATE","MINNESOTA","27","","","","","","","00000000","","CORN","CORN, GRAIN - YIELD, MEASURED IN BU / ACRE","TOTAL","NOT SPECIFIED","100",""
"SURVEY","1979","YEAR","","STATE","MINNESOTA","27","","","","","","","00000000","","CORN","CORN, SILAGE - YIELD, MEASURED IN TONS / ACRE","TOTAL","NOT SPECIFIED","13.5",""
"SURVEY","1978","YEAR","","STATE","MINNESOTA","27","","","","","","","00000000","","CORN","CORN, GRAIN - YIELD, MEASURED IN BU / ACRE","TOTAL","NOT SPECIFIED","104",""
"SURVEY","1978","YEAR","","STATE","MINNESOTA","27","","","","","","","00000000","","CORN","CORN, SILAGE - YIELD, MEASURED IN TONS / ACRE","TOTAL","NOT SPECIFIED","12.5",""
"SURVEY","1977","YEAR","","STATE","MINNESOTA","27","","","","","","","00000000","","CORN","CORN, GRAIN - YIELD, MEASURED IN BU / ACRE","TOTAL","NOT SPECIFIED","100",""
"SURVEY","1977","YEAR","","STATE","MINNESOTA","27","","","","","","","00000000","","CORN","CORN, SILAGE - YIELD, MEASURED IN TONS / ACRE","TOTAL","NOT SPECIFIED","13",""
"SURVEY","1976","YEAR","","STATE","MINNESOTA","27","","","","","","","00000000","","CORN","CORN, GRAIN - YIELD, MEASURED IN BU / ACRE","TOTAL","NOT SPECIFIED","59",""
"SURVEY","1976","YEAR","","STATE","MINNESOTA","27","","","","","","","00000000","","CORN","CORN, SILAGE - YIELD, MEASURED IN TONS / ACRE","TOTAL","NOT SPECIFIED","6.9",""
"SURVEY","1975","YEAR","","STATE","MINNESOTA","27","","","","","","","00000000","","CORN","CORN, GRAIN - YIELD, MEASURED IN BU / ACRE","TOTAL","NOT SPECIFIED","70",""
"SURVEY","1975","YEAR","","STATE","MINNESOTA","27","","","","","","","00000000","","CORN","CORN, SILAGE - YIELD, MEASURED IN TONS / ACRE","TOTAL","NOT SPECIFIED","9.3",""
"SURVEY","1974","YEAR","","STATE","MINNESOTA","27","","","","","","","00000000","","CORN","CORN, GRAIN - YIELD, MEASURED IN BU / ACRE","TOTAL","NOT SPECIFIED","62",""
"SURVEY","1974","YEAR","","STATE","MINNESOTA","27","","","","","","","00000000","","CORN","CORN, SILAGE - YIELD, MEASURED IN TONS / ACRE","TOTAL","NOT SPECIFIED","9.7",""
"SURVEY","1973","YEAR","","STATE","MINNESOTA","27","","","","","","","00000000","","CORN","CORN, GRAIN - YIELD, MEASURED IN BU / ACRE","TOTAL","NOT SPECIFIED","93",""
"SURVEY","1973","YEAR","","STATE","MINNESOTA","27","","","","","","","00000000","","CORN","CORN, SILAGE - YIELD, MEASURED IN TONS / ACRE","TOTAL","NOT SPECIFIED","12.9",""
"SURVEY","1972","YEAR","","STATE","MINNESOTA","27","","","","","","","00000000","","CORN","CORN, GRAIN - YIELD, MEASURED IN BU / ACRE","TOTAL","NOT SPECIFIED","93",""
"SURVEY","1972","YEAR","","STATE","MINNESOTA","27","","","","","","","00000000","","CORN","CORN, SILAGE - YIELD, MEASURED IN TONS / ACRE","TOTAL","NOT SPECIFIED","11.8",""
"SURVEY","1971","YEAR","","STATE","MINNESOTA","27","","","","","","","00000000","","CORN","CORN, GRAIN - YIELD, MEASURED IN BU / ACRE","TOTAL","NOT SPECIFIED","83",""
"SURVEY","1971","YEAR","","STATE","MINNESOTA","27","","","","","","","00000000","","CORN","CORN, SILAGE - YIELD, MEASURED IN TONS / ACRE","TOTAL","NOT SPECIFIED","11.5",""
"SURVEY","1970","YEAR","","STATE","MINNESOTA","27","","","","","","","00000000","","CORN","CORN, GRAIN - YIELD, MEASURED IN BU / ACRE","TOTAL","NOT SPECIFIED","85",""
"SURVEY","1970","YEAR","","STATE","MINNESOTA","27","","","","","","","00000000","","CORN","CORN, SILAGE - YIELD, MEASURED IN TONS / ACRE","TOTAL","NOT SPECIFIED","10.6",""
"SURVEY","1969","YEAR","","STATE","MINNESOTA","27","","","","","","","00000000","","CORN","CORN, GRAIN - YIELD, MEASURED IN BU / ACRE","TOTAL","NOT SPECIFIED","87",""
"SURVEY","1969","YEAR","","STATE","MINNESOTA","27","","","","","","","00000000","","CORN","CORN, SILAGE - YIELD, MEASURED IN TONS / ACRE","TOTAL","NOT SPECIFIED","10.7",""
"SURVEY","1968","YEAR","","STATE","MINNESOTA","27","","","","","","","00000000","","CORN","CORN, GRAIN - YIELD, MEASURED IN BU / ACRE","TOTAL","NOT SPECIFIED","82",""
"SURVEY","1968","YEAR","","STATE","MINNESOTA","27","","","","","","","00000000","","CORN","CORN, SILAGE - YIELD, MEASURED IN TONS / ACRE","TOTAL","NOT SPECIFIED","11",""
"SURVEY","1967","YEAR","","STATE","MINNESOTA","27","","","","","","","00000000","","CORN","CORN, GRAIN - YIELD, MEASURED IN BU / ACRE","TOTAL","NOT SPECIFIED","72",""
"SURVEY","1967","YEAR","","STATE","MINNESOTA","27","","","","","","","00000000","","CORN","CORN, SILAGE - YIELD, MEASURED IN TONS / ACRE","TOTAL","NOT SPECIFIED","9",""
"SURVEY","1966","YEAR","","STATE","MINNESOTA","27","","","","","","","00000000","","CORN","CORN, GRAIN - YIELD, MEASURED IN BU / ACRE","TOTAL","NOT SPECIFIED","76",""
"SURVEY","1966","YEAR","","STATE","MINNESOTA","27","","","","","","","00000000","","CORN","CORN, SILAGE - YIELD, MEASURED IN TONS / ACRE","TOTAL","NOT SPECIFIED","12.3",""
"SURVEY","1965","YEAR","","STATE","MINNESOTA","27","","","","","","","00000000","","CORN","CORN, GRAIN - YIELD, MEASURED IN BU / ACRE","TOTAL","NOT SPECIFIED","61",""
"SURVEY","1965","YEAR","","STATE","MINNESOTA","27","","","","","","","00000000","","CORN","CORN, SILAGE - YIELD, MEASURED IN TONS / ACRE","TOTAL","NOT SPECIFIED","9",""
"SURVEY","1964","YEAR","","STATE","MINNESOTA","27","","","","","","","00000000","","CORN","CORN, GRAIN - YIELD, MEASURED IN BU / ACRE","TOTAL","NOT SPECIFIED","58",""
"SURVEY","1964","YEAR","","STATE","MINNESOTA","27","","","","","","","00000000","","CORN","CORN, SILAGE - YIELD, MEASURED IN TONS / ACRE","TOTAL","NOT SPECIFIED","8.6",""
"SURVEY","1963","YEAR","","STATE","MINNESOTA","27","","","","","","","00000000","","CORN","CORN, GRAIN - YIELD, MEASURED IN BU / ACRE","TOTAL","NOT SPECIFIED","69",""
"SURVEY","1963","YEAR","","STATE","MINNESOTA","27","","","","","","","00000000","","CORN","CORN, SILAGE - YIELD, MEASURED IN TONS / ACRE","TOTAL","NOT SPECIFIED","10.9",""
"SURVEY","1962","YEAR","","STATE","MINNESOTA","27","","","","","","","00000000","","CORN","CORN, GRAIN - YIELD, MEASURED IN BU / ACRE","TOTAL","NOT SPECIFIED","59.5",""
"SURVEY","1962","YEAR","","STATE","MINNESOTA","27","","","","","","","00000000","","CORN","CORN, SILAGE - YIELD, MEASURED IN TONS / ACRE","TOTAL","NOT SPECIFIED","9.5",""
"SURVEY","1961","YEAR","","STATE","MINNESOTA","27","","","","","","","00000000","","CORN","CORN, GRAIN - YIELD, MEASURED IN BU / ACRE","TOTAL","NOT SPECIFIED","64.5",""
"SURVEY","1961","YEAR","","STATE","MINNESOTA","27","","","","","","","00000000","","CORN","CORN, SILAGE - YIELD, MEASURED IN TONS / ACRE","TOTAL","NOT SPECIFIED","11",""
"SURVEY","1960","YEAR","","STATE","MINNESOTA","27","","","","","","","00000000","","CORN","CORN, GRAIN - YIELD, MEASURED IN BU / ACRE","TOTAL","NOT SPECIFIED","54",""
"SURVEY","1960","YEAR","","STATE","MINNESOTA","27","","","","","","","00000000","","CORN","CORN, SILAGE - YIELD, MEASURED IN TONS / ACRE","TOTAL","NOT SPECIFIED","8.4",""
"SURVEY","1959","YEAR","","STATE","MINNESOTA","27","","","","","","","00000000","","CORN","CORN, GRAIN - YIELD, MEASURED IN BU / ACRE","TOTAL","NOT SPECIFIED","50.5",""
"SURVEY","1959","YEAR","","STATE","MINNESOTA","27","","","","","","","00000000","","CORN","CORN, SILAGE - YIELD, MEASURED IN TONS / ACRE","TOTAL","NOT SPECIFIED","8.5",""
"SURVEY","1958","YEAR","","STATE","MINNESOTA","27","","","","","","","00000000","","CORN","CORN, GRAIN - YIELD, MEASURED IN BU / ACRE","TOTAL","NOT SPECIFIED","56",""
"SURVEY","1958","YEAR","","STATE","MINNESOTA","27","","","","","","","00000000","","CORN","CORN, SILAGE - YIELD, MEASURED IN TONS / ACRE","TOTAL","NOT SPECIFIED","8.6",""
"SURVEY","1957","YEAR","","STATE","MINNESOTA","27","","","","","","","00000000","","CORN","CORN, GRAIN - YIELD, MEASURED IN BU / ACRE","TOTAL","NOT SPECIFIED","58",""
"SURVEY","1957","YEAR","","STATE","MINNESOTA","27","","","","","","","00000000","","CORN","CORN, SILAGE - YIELD, MEASURED IN TONS / ACRE","TOTAL","NOT SPECIFIED","9.4",""
"SURVEY","1956","YEAR","","STATE","MINNESOTA","27","","","","","","","00000000","","CORN","CORN, GRAIN - YIELD, MEASURED IN BU / ACRE","TOTAL","NOT SPECIFIED","58.5",""
"SURVEY","1956","YEAR","","STATE","MINNESOTA","27","","","","","","","00000000","","CORN","CORN, SILAGE - YIELD, MEASURED IN TONS / ACRE","TOTAL","NOT SPECIFIED","9.8",""
"SURVEY","1955","YEAR","","STATE","MINNESOTA","27","","","","","","","00000000","","CORN","CORN, GRAIN - YIELD, MEASURED IN BU / ACRE","TOTAL","NOT SPECIFIED","50",""
"SURVEY","1955","YEAR","","STATE","MINNESOTA","27","","","","","","","00000000","","CORN","CORN, SILAGE - YIELD, MEASURED IN TONS / ACRE","TOTAL","NOT SPECIFIED","8.8",""
"SURVEY","1954","YEAR","","STATE","MINNESOTA","27","","","","","","","00000000","","CORN","CORN, GRAIN - YIELD, MEASURED IN BU / ACRE","TOTAL","NOT SPECIFIED","51.5",""
"SURVEY","1954","YEAR","","STATE","MINNESOTA","27","","","","","","","00000000","","CORN","CORN, SILAGE - YIELD, MEASURED IN TONS / ACRE","TOTAL","NOT SPECIFIED","8.6",""
"SURVEY","1953","YEAR","","STATE","MINNESOTA","27","","","","","","","00000000","","CORN","CORN, GRAIN - YIELD, MEASURED IN BU / ACRE","TOTAL","NOT SPECIFIED","49.5",""
"SURVEY","1953","YEAR","","STATE","MINNESOTA","27","","","","","","","00000000","","CORN","CORN, SILAGE - YIELD, MEASURED IN TONS / ACRE","TOTAL","NOT SPECIFIED","8.1",""
"SURVEY","1952","YEAR","","STATE","MINNESOTA","27","","","","","","","00000000","","CORN","CORN, GRAIN - YIELD, MEASURED IN BU / ACRE","TOTAL","NOT SPECIFIED","52",""
"SURVEY","1952","YEAR","","STATE","MINNESOTA","27","","","","","","","00000000","","CORN","CORN, SILAGE - YIELD, MEASURED IN TONS / ACRE","TOTAL","NOT SPECIFIED","8.3",""
"SURVEY","1951","YEAR","","STATE","MINNESOTA","27","","","","","","","00000000","","CORN","CORN, GRAIN - YIELD, MEASURED IN BU / ACRE","TOTAL","NOT SPECIFIED","40.5",""
"SURVEY","1951","YEAR","","STATE","MINNESOTA","27","","","","","","","00000000","","CORN","CORN, SILAGE - YIELD, MEASURED IN TONS / ACRE","TOTAL","NOT SPECIFIED","7.5",""
"SURVEY","1950","YEAR","","STATE","MINNESOTA","27","","","","","","","00000000","","CORN","CORN, GRAIN - YIELD, MEASURED IN BU / ACRE","TOTAL","NOT SPECIFIED","39.5",""
"SURVEY","1950","YEAR","","STATE","MINNESOTA","27","","","","","","","00000000","","CORN","CORN, SILAGE - YIELD, MEASURED IN TONS / ACRE","TOTAL","NOT SPECIFIED","7.3",""
"SURVEY","1949","YEAR","","STATE","MINNESOTA","27","","","","","","","00000000","","CORN","CORN, GRAIN - YIELD, MEASURED IN BU / ACRE","TOTAL","NOT SPECIFIED","44",""
"SURVEY","1949","YEAR","","STATE","MINNESOTA","27","","","","","","","00000000","","CORN","CORN, SILAGE - YIELD, MEASURED IN TONS / ACRE","TOTAL","NOT SPECIFIED","8.5",""
"SURVEY","1948","YEAR","","STATE","MINNESOTA","27","","","","","","","00000000","","CORN","CORN, GRAIN - YIELD, MEASURED IN BU / ACRE","TOTAL","NOT SPECIFIED","54",""
"SURVEY","1948","YEAR","","STATE","MINNESOTA","27","","","","","","","00000000","","CORN","CORN, SILAGE - YIELD, MEASURED IN TONS / ACRE","TOTAL","NOT SPECIFIED","8.9",""
"SURVEY","1947","YEAR","","STATE","MINNESOTA","27","","","","","","","00000000","","CORN","CORN, GRAIN - YIELD, MEASURED IN BU / ACRE","TOTAL","NOT SPECIFIED","38",""
"SURVEY","1947","YEAR","","STATE","MINNESOTA","27","","","","","","","00000000","","CORN","CORN, SILAGE - YIELD, MEASURED IN TONS / ACRE","TOTAL","NOT SPECIFIED","7.2",""
"SURVEY","1946","YEAR","","STATE","MINNESOTA","27","","","","","","","00000000","","CORN","CORN, GRAIN - YIELD, MEASURED IN BU / ACRE","TOTAL","NOT SPECIFIED","45.5",""
"SURVEY","1946","YEAR","","STATE","MINNESOTA","27","","","","","","","00000000","","CORN","CORN, SILAGE - YIELD, MEASURED IN TONS / ACRE","TOTAL","NOT SPECIFIED","8.3",""
"SURVEY","1945","YEAR","","STATE","MINNESOTA","27","","","","","","","00000000","","CORN","CORN, GRAIN - YIELD, MEASURED IN BU / ACRE","TOTAL","NOT SPECIFIED","39",""
"SURVEY","1945","YEAR","","STATE","MINNESOTA","27","","","","","","","00000000","","CORN","CORN, SILAGE - YIELD, MEASURED IN TONS / ACRE","TOTAL","NOT SPECIFIED","7.5",""
"SURVEY","1944","YEAR","","STATE","MINNESOTA","27","","","","","","","00000000","","CORN","CORN, GRAIN - YIELD, MEASURED IN BU / ACRE","TOTAL","NOT SPECIFIED","43.7",""
"SURVEY","1944","YEAR","","STATE","MINNESOTA","27","","","","","","","00000000","","CORN","CORN, SILAGE - YIELD, MEASURED IN TONS / ACRE","TOTAL","NOT SPECIFIED","7.6",""
"SURVEY","1943","YEAR","","STATE","MINNESOTA","27","","","","","","","00000000","","CORN","CORN, GRAIN - YIELD, MEASURED IN BU / ACRE","TOTAL","NOT SPECIFIED","42.5",""
"SURVEY","1943","YEAR","","STATE","MINNESOTA","27","","","","","","","00000000","","CORN","CORN, SILAGE - YIELD, MEASURED IN TONS / ACRE","TOTAL","NOT SPECIFIED","8.2",""
"SURVEY","1942","YEAR","","STATE","MINNESOTA","27","","","","","","","00000000","","CORN","CORN, GRAIN - YIELD, MEASURED IN BU / ACRE","TOTAL","NOT SPECIFIED","46",""
"SURVEY","1942","YEAR","","STATE","MINNESOTA","27","","","","","","","00000000","","CORN","CORN, SILAGE - YIELD, MEASURED IN TONS / ACRE","TOTAL","NOT SPECIFIED","8.5",""
"SURVEY","1941","YEAR","","STATE","MINNESOTA","27","","","","","","","00000000","","CORN","CORN, GRAIN - YIELD, MEASURED IN BU / ACRE","TOTAL","NOT SPECIFIED","45",""
"SURVEY","1941","YEAR","","STATE","MINNESOTA","27","","","","","","","00000000","","CORN","CORN, SILAGE - YIELD, MEASURED IN TONS / ACRE","TOTAL","NOT SPECIFIED","8.5",""
"SURVEY","1940","YEAR","","STATE","MINNESOTA","27","","","","","","","00000000","","CORN","CORN, GRAIN - YIELD, MEASURED IN BU / ACRE","TOTAL","NOT SPECIFIED","41",""
"SURVEY","1940","YEAR","","STATE","MINNESOTA","27","","","","","","","00000000","","CORN","CORN, SILAGE - YIELD, MEASURED IN TONS / ACRE","TOTAL","NOT SPECIFIED","8",""
"SURVEY","1939","YEAR","","STATE","MINNESOTA","27","","","","","","","00000000","","CORN","CORN, GRAIN - YIELD, MEASURED IN BU / ACRE","TOTAL","NOT SPECIFIED","47",""
"SURVEY","1939","YEAR","","STATE","MINNESOTA","27","","","","","","","00000000","","CORN","CORN, SILAGE - YIELD, MEASURED IN TONS / ACRE","TOTAL","NOT SPECIFIED","8",""
"SURVEY","1938","YEAR","","STATE","MINNESOTA","27","","","","","","","00000000","","CORN","CORN, GRAIN - YIELD, MEASURED IN BU / ACRE","TOTAL","NOT SPECIFIED","36.5",""
"SURVEY","1938","YEAR","","STATE","MINNESOTA","27","","","","","","","00000000","","CORN","CORN, SILAGE - YIELD, MEASURED IN TONS / ACRE","TOTAL","NOT SPECIFIED","8",""
"SURVEY","1937","YEAR","","STATE","MINNESOTA","27","","","","","","","00000000","","CORN","CORN, GRAIN - YIELD, MEASURED IN BU / ACRE","TOTAL","NOT SPECIFIED","37.5",""
"SURVEY","1937","YEAR","","STATE","MINNESOTA","27","","","","","","","00000000","","CORN","CORN, SILAGE - YIELD, MEASURED IN TONS / ACRE","TOTAL","NOT SPECIFIED","7.5",""
"SURVEY","1936","YEAR","","STATE","MINNESOTA","27","","","","","","","00000000","","CORN","CORN, GRAIN - YIELD, MEASURED IN BU / ACRE","TOTAL","NOT SPECIFIED","22",""
"SURVEY","1936","YEAR","","STATE","MINNESOTA","27","","","","","","","00000000","","CORN","CORN, SILAGE - YIELD, MEASURED IN TONS / ACRE","TOTAL","NOT SPECIFIED","4",""
"SURVEY","1935","YEAR","","STATE","MINNESOTA","27","","","","","","","00000000","","CORN","CORN, GRAIN - YIELD, MEASURED IN BU / ACRE","TOTAL","NOT SPECIFIED","34.5",""
"SURVEY","1935","YEAR","","STATE","MINNESOTA","27","","","","","","","00000000","","CORN","CORN, SILAGE - YIELD, MEASURED IN TONS / ACRE","TOTAL","NOT SPECIFIED","7.1",""
"SURVEY","1934","YEAR","","STATE","MINNESOTA","27","","","","","","","00000000","","CORN","CORN, GRAIN - YIELD, MEASURED IN BU / ACRE","TOTAL","NOT SPECIFIED","24.6",""
"SURVEY","1934","YEAR","","STATE","MINNESOTA","27","","","","","","","00000000","","CORN","CORN, SILAGE - YIELD, MEASURED IN TONS / ACRE","TOTAL","NOT SPECIFIED","4",""
"SURVEY","1933","YEAR","","STATE","MINNESOTA","27","","","","","","","00000000","","CORN","CORN, GRAIN - YIELD, MEASURED IN BU / ACRE","TOTAL","NOT SPECIFIED","31",""
"SURVEY","1933","YEAR","","STATE","MINNESOTA","27","","","","","","","00000000","","CORN","CORN, SILAGE - YIELD, MEASURED IN TONS / ACRE","TOTAL","NOT SPECIFIED","6.5",""
"SURVEY","1932","YEAR","","STATE","MINNESOTA","27","","","","","","","00000000","","CORN","CORN, GRAIN - YIELD, MEASURED IN BU / ACRE","TOTAL","NOT SPECIFIED","37.5",""
"SURVEY","1932","YEAR","","STATE","MINNESOTA","27","","","","","","","00000000","","CORN","CORN, SILAGE - YIELD, MEASURED IN TONS / ACRE","TOTAL","NOT SPECIFIED","7.2",""
"SURVEY","1931","YEAR","","STATE","MINNESOTA","27","","","","","","","00000000","","CORN","CORN, GRAIN - YIELD, MEASURED IN BU / ACRE","TOTAL","NOT SPECIFIED","25",""
"SURVEY","1931","YEAR","","STATE","MINNESOTA","27","","","","","","","00000000","","CORN","CORN, SILAGE - YIELD, MEASURED IN TONS / ACRE","TOTAL","NOT SPECIFIED","6",""
"SURVEY","1930","YEAR","","STATE","MINNESOTA","27","","","","","","","00000000","","CORN","CORN, GRAIN - YIELD, MEASURED IN BU / ACRE","TOTAL","NOT SPECIFIED","33",""
"SURVEY","1930","YEAR","","STATE","MINNESOTA","27","","","","","","","00000000","","CORN","CORN, SILAGE - YIELD, MEASURED IN TONS / ACRE","TOTAL","NOT SPECIFIED","6.5",""
"SURVEY","1929","YEAR","","STATE","MINNESOTA","27","","","","","","","00000000","","CORN","CORN, GRAIN - YIELD, MEASURED IN BU / ACRE","TOTAL","NOT SPECIFIED","36.5",""
"SURVEY","1929","YEAR","","STATE","MINNESOTA","27","","","","","","","00000000","","CORN","CORN, SILAGE - YIELD, MEASURED IN TONS / ACRE","TOTAL","NOT SPECIFIED","7.4",""
"SURVEY","1928","YEAR","","STATE","MINNESOTA","27","","","","","","","00000000","","CORN","CORN, GRAIN - YIELD, MEASURED IN BU / ACRE","TOTAL","NOT SPECIFIED","35",""
"SURVEY","1928","YEAR","","STATE","MINNESOTA","27","","","","","","","00000000","","CORN","CORN, SILAGE - YIELD, MEASURED IN TONS / ACRE","TOTAL","NOT SPECIFIED","7.6",""
"SURVEY","1927","YEAR","","STATE","MINNESOTA","27","","","","","","","00000000","","CORN","CORN, GRAIN - YIELD, MEASURED IN BU / ACRE","TOTAL","NOT SPECIFIED","31",""
"SURVEY","1927","YEAR","","STATE","MINNESOTA","27","","","","","","","00000000","","CORN","CORN, SILAGE - YIELD, MEASURED IN TONS / ACRE","TOTAL","NOT SPECIFIED","7.1",""
"SURVEY","1926","YEAR","","STATE","MINNESOTA","27","","","","","","","00000000","","CORN","CORN, GRAIN - YIELD, MEASURED IN BU / ACRE","TOTAL","NOT SPECIFIED","34",""
"SURVEY","1926","YEAR","","STATE","MINNESOTA","27","","","","","","","00000000","","CORN","CORN, SILAGE - YIELD, MEASURED IN TONS / ACRE","TOTAL","NOT SPECIFIED","7.3",""
"SURVEY","1925","YEAR","","STATE","MINNESOTA","27","","","","","","","00000000","","CORN","CORN, GRAIN - YIELD, MEASURED IN BU / ACRE","TOTAL","NOT SPECIFIED","36",""
"SURVEY","1925","YEAR","","STATE","MINNESOTA","27","","","","","","","00000000","","CORN","CORN, SILAGE - YIELD, MEASURED IN TONS / ACRE","TOTAL","NOT SPECIFIED","7.3",""
"SURVEY","1924","YEAR","","STATE","MINNESOTA","27","","","","","","","00000000","","CORN","CORN, GRAIN - YIELD, MEASURED IN BU / ACRE","TOTAL","NOT SPECIFIED","26.5",""
"SURVEY","1924","YEAR","","STATE","MINNESOTA","27","","","","","","","00000000","","CORN","CORN, SILAGE - YIELD, MEASURED IN TONS / ACRE","TOTAL","NOT SPECIFIED","7.3",""
"SURVEY","1923","YEAR","","STATE","MINNESOTA","27","","","","","","","00000000","","CORN","CORN, GRAIN - YIELD, MEASURED IN BU / ACRE","TOTAL","NOT SPECIFIED","35",""
"SURVEY","1923","YEAR","","STATE","MINNESOTA","27","","","","","","","00000000","","CORN","CORN, SILAGE - YIELD, MEASURED IN TONS / ACRE","TOTAL","NOT SPECIFIED","7.7",""
"SURVEY","1922","YEAR","","STATE","MINNESOTA","27","","","","","","","00000000","","CORN","CORN, GRAIN - YIELD, MEASURED IN BU / ACRE","TOTAL","NOT SPECIFIED","29.5",""
"SURVEY","1922","YEAR","","STATE","MINNESOTA","27","","","","","","","00000000","","CORN","CORN, SILAGE - YIELD, MEASURED IN TONS / ACRE","TOTAL","NOT SPECIFIED","7.3",""
"SURVEY","1921","YEAR","","STATE","MINNESOTA","27","","","","","","","00000000","","CORN","CORN, GRAIN - YIELD, MEASURED IN BU / ACRE","TOTAL","NOT SPECIFIED","38.5",""
"SURVEY","1921","YEAR","","STATE","MINNESOTA","27","","","","","","","00000000","","CORN","CORN, SILAGE - YIELD, MEASURED IN TONS / ACRE","TOTAL","NOT SPECIFIED","7.9",""
"SURVEY","1920","YEAR","","STATE","MINNESOTA","27","","","","","","","00000000","","CORN","CORN, GRAIN - YIELD, MEASURED IN BU / ACRE","TOTAL","NOT SPECIFIED","33.5",""
"SURVEY","1920","YEAR","","STATE","MINNESOTA","27","","","","","","","00000000","","CORN","CORN, SILAGE - YIELD, MEASURED IN TONS / ACRE","TOTAL","NOT SPECIFIED","7.8",""
"SURVEY","1919","YEAR","","STATE","MINNESOTA","27","","","","","","","00000000","","CORN","CORN, GRAIN - YIELD, MEASURED IN BU / ACRE","TOTAL","NOT SPECIFIED","35.5",""
"SURVEY","1919","YEAR","","STATE","MINNESOTA","27","","","","","","","00000000","","CORN","CORN, SILAGE - YIELD, MEASURED IN TONS / ACRE","TOTAL","NOT SPECIFIED","7.8",""
"SURVEY","1918","YEAR","","STATE","MINNESOTA","27","","","","","","","00000000","","CORN","CORN, GRAIN - YIELD, MEASURED IN BU / ACRE","TOTAL","NOT SPECIFIED","37",""
"SURVEY","1917","YEAR","","STATE","MINNESOTA","27","","","","","","","00000000","","CORN","CORN, GRAIN - YIELD, MEASURED IN BU / ACRE","TOTAL","NOT SPECIFIED","27",""
"SURVEY","1916","YEAR","","STATE","MINNESOTA","27","","","","","","","00000000","","CORN","CORN, GRAIN - YIELD, MEASURED IN BU / ACRE","TOTAL","NOT SPECIFIED","33",""
"SURVEY","1915","YEAR","","STATE","MINNESOTA","27","","","","","","","00000000","","CORN","CORN, GRAIN - YIELD, MEASURED IN BU / ACRE","TOTAL","NOT SPECIFIED","23",""
"SURVEY","1914","YEAR","","STATE","MINNESOTA","27","","","","","","","00000000","","CORN","CORN, GRAIN - YIELD, MEASURED IN BU / ACRE","TOTAL","NOT SPECIFIED","35",""
"SURVEY","1913","YEAR","","STATE","MINNESOTA","27","","","","","","","00000000","","CORN","CORN, GRAIN - YIELD, MEASURED IN BU / ACRE","TOTAL","NOT SPECIFIED","38",""
"SURVEY","1912","YEAR","","STATE","MINNESOTA","27","","","","","","","00000000","","CORN","CORN, GRAIN - YIELD, MEASURED IN BU / ACRE","TOTAL","NOT SPECIFIED","34",""
"SURVEY","1911","YEAR","","STATE","MINNESOTA","27","","","","","","","00000000","","CORN","CORN, GRAIN - YIELD, MEASURED IN BU / ACRE","TOTAL","NOT SPECIFIED","33",""
"SURVEY","1910","YEAR","","STATE","MINNESOTA","27","","","","","","","00000000","","CORN","CORN, GRAIN - YIELD, MEASURED IN BU / ACRE","TOTAL","NOT SPECIFIED","32",""
"SURVEY","1909","YEAR","","STATE","MINNESOTA","27","","","","","","","00000000","","CORN","CORN, GRAIN - YIELD, MEASURED IN BU / ACRE","TOTAL","NOT SPECIFIED","33.9",""
"SURVEY","1908","YEAR","","STATE","MINNESOTA","27","","","","","","","00000000","","CORN","CORN, GRAIN - YIELD, MEASURED IN BU / ACRE","TOTAL","NOT SPECIFIED","29",""
"SURVEY","1907","YEAR","","STATE","MINNESOTA","27","","","","","","","00000000","","CORN","CORN, GRAIN - YIELD, MEASURED IN BU / ACRE","TOTAL","NOT SPECIFIED","27",""
"SURVEY","1906","YEAR","","STATE","MINNESOTA","27","","","","","","","00000000","","CORN","CORN, GRAIN - YIELD, MEASURED IN BU / ACRE","TOTAL","NOT SPECIFIED","34",""
"SURVEY","1905","YEAR","","STATE","MINNESOTA","27","","","","","","","00000000","","CORN","CORN, GRAIN - YIELD, MEASURED IN BU / ACRE","TOTAL","NOT SPECIFIED","34",""
"SURVEY","1904","YEAR","","STATE","MINNESOTA","27","","","","","","","00000000","","CORN","CORN, GRAIN - YIELD, MEASURED IN BU / ACRE","TOTAL","NOT SPECIFIED","25.5",""
"SURVEY","1903","YEAR","","STATE","MINNESOTA","27","","","","","","","00000000","","CORN","CORN, GRAIN - YIELD, MEASURED IN BU / ACRE","TOTAL","NOT SPECIFIED","27.5",""
"SURVEY","1902","YEAR","","STATE","MINNESOTA","27","","","","","","","00000000","","CORN","CORN, GRAIN - YIELD, MEASURED IN BU / ACRE","TOTAL","NOT SPECIFIED","23",""
"SURVEY","1901","YEAR","","STATE","MINNESOTA","27","","","","","","","00000000","","CORN","CORN, GRAIN - YIELD, MEASURED IN BU / ACRE","TOTAL","NOT SPECIFIED","27",""
"SURVEY","1900","YEAR","","STATE","MINNESOTA","27","","","","","","","00000000","","CORN","CORN, GRAIN - YIELD, MEASURED IN BU / ACRE","TOTAL","NOT SPECIFIED","33",""
"SURVEY","1899","YEAR","","STATE","MINNESOTA","27","","","","","","","00000000","","CORN","CORN, GRAIN - YIELD, MEASURED IN BU / ACRE","TOTAL","NOT SPECIFIED","32.8",""
"SURVEY","1898","YEAR","","STATE","MINNESOTA","27","","","","","","","00000000","","CORN","CORN, GRAIN - YIELD, MEASURED IN BU / ACRE","TOTAL","NOT SPECIFIED","30.5",""
"SURVEY","1897","YEAR","","STATE","MINNESOTA","27","","","","","","","00000000","","CORN","CORN, GRAIN - YIELD, MEASURED IN BU / ACRE","TOTAL","NOT SPECIFIED","28",""
"SURVEY","1896","YEAR","","STATE","MINNESOTA","27","","","","","","","00000000","","CORN","CORN, GRAIN - YIELD, MEASURED IN BU / ACRE","TOTAL","NOT SPECIFIED","30.5",""
"SURVEY","1895","YEAR","","STATE","MINNESOTA","27","","","","","","","00000000","","CORN","CORN, GRAIN - YIELD, MEASURED IN BU / ACRE","TOTAL","NOT SPECIFIED","30.5",""
"SURVEY","1894","YEAR","","STATE","MINNESOTA","27","","","","","","","00000000","","CORN","CORN, GRAIN - YIELD, MEASURED IN BU / ACRE","TOTAL","NOT SPECIFIED","18.5",""
"SURVEY","1893","YEAR","","STATE","MINNESOTA","27","","","","","","","00000000","","CORN","CORN, GRAIN - YIELD, MEASURED IN BU / ACRE","TOTAL","NOT SPECIFIED","28",""
"SURVEY","1892","YEAR","","STATE","MINNESOTA","27","","","","","","","00000000","","CORN","CORN, GRAIN - YIELD, MEASURED IN BU / ACRE","TOTAL","NOT SPECIFIED","27",""
"SURVEY","1891","YEAR","","STATE","MINNESOTA","27","","","","","","","00000000","","CORN","CORN, GRAIN - YIELD, MEASURED IN BU / ACRE","TOTAL","NOT SPECIFIED","26.5",""
"SURVEY","1890","YEAR","","STATE","MINNESOTA","27","","","","","","","00000000","","CORN","CORN, GRAIN - YIELD, MEASURED IN BU / ACRE","TOTAL","NOT SPECIFIED","27",""
"SURVEY","1889","YEAR","","STATE","MINNESOTA","27","","","","","","","00000000","","CORN","CORN, GRAIN - YIELD, MEASURED IN BU / ACRE","TOTAL","NOT SPECIFIED","27.4",""
"SURVEY","1888","YEAR","","STATE","MINNESOTA","27","","","","","","","00000000","","CORN","CORN, GRAIN - YIELD, MEASURED IN BU / ACRE","TOTAL","NOT SPECIFIED","28",""
"SURVEY","1887","YEAR","","STATE","MINNESOTA","27","","","","","","","00000000","","CORN","CORN, GRAIN - YIELD, MEASURED IN BU / ACRE","TOTAL","NOT SPECIFIED","27",""
"SURVEY","1886","YEAR","","STATE","MINNESOTA","27","","","","","","","00000000","","CORN","CORN, GRAIN - YIELD, MEASURED IN BU / ACRE","TOTAL","NOT SPECIFIED","31",""
"SURVEY","1885","YEAR","","STATE","MINNESOTA","27","","","","","","","00000000","","CORN","CORN, GRAIN - YIELD, MEASURED IN BU / ACRE","TOTAL","NOT SPECIFIED","28",""
"SURVEY","1884","YEAR","","STATE","MINNESOTA","27","","","","","","","00000000","","CORN","CORN, GRAIN - YIELD, MEASURED IN BU / ACRE","TOTAL","NOT SPECIFIED","32",""
"SURVEY","1883","YEAR","","STATE","MINNESOTA","27","","","","","","","00000000","","CORN","CORN, GRAIN - YIELD, MEASURED IN BU / ACRE","TOTAL","NOT SPECIFIED","21",""
"SURVEY","1882","YEAR","","STATE","MINNESOTA","27","","","","","","","00000000","","CORN","CORN, GRAIN - YIELD, MEASURED IN BU / ACRE","TOTAL","NOT SPECIFIED","27",""
"SURVEY","1881","YEAR","","STATE","MINNESOTA","27","","","","","","","00000000","","CORN","CORN, GRAIN - YIELD, MEASURED IN BU / ACRE","TOTAL","NOT SPECIFIED","31",""
"SURVEY","1880","YEAR","","STATE","MINNESOTA","27","","","","","","","00000000","","CORN","CORN, GRAIN - YIELD, MEASURED IN BU / ACRE","TOTAL","NOT SPECIFIED","31",""
"SURVEY","1879","YEAR","","STATE","MINNESOTA","27","","","","","","","00000000","","CORN","CORN, GRAIN - YIELD, MEASURED IN BU / ACRE","TOTAL","NOT SPECIFIED","33.8",""
"SURVEY","1878","YEAR","","STATE","MINNESOTA","27","","","","","","","00000000","","CORN","CORN, GRAIN - YIELD, MEASURED IN BU / ACRE","TOTAL","NOT SPECIFIED","36.5",""
"SURVEY","1877","YEAR","","STATE","MINNESOTA","27","","","","","","","00000000","","CORN","CORN, GRAIN - YIELD, MEASURED IN BU / ACRE","TOTAL","NOT SPECIFIED","26.5",""
"SURVEY","1876","YEAR","","STATE","MINNESOTA","27","","","","","","","00000000","","CORN","CORN, GRAIN - YIELD, MEASURED IN BU / ACRE","TOTAL","NOT SPECIFIED","26",""
"SURVEY","1875","YEAR","","STATE","MINNESOTA","27","","","","","","","00000000","","CORN","CORN, GRAIN - YIELD, MEASURED IN BU / ACRE","TOTAL","NOT SPECIFIED","25",""
"SURVEY","1874","YEAR","","STATE","MINNESOTA","27","","","","","","","00000000","","CORN","CORN, GRAIN - YIELD, MEASURED IN BU / ACRE","TOTAL","NOT SPECIFIED","29.5",""
"SURVEY","1873","YEAR","","STATE","MINNESOTA","27","","","","","","","00000000","","CORN","CORN, GRAIN - YIELD, MEASURED IN BU / ACRE","TOTAL","NOT SPECIFIED","31",""
"SURVEY","1872","YEAR","","STATE","MINNESOTA","27","","","","","","","00000000","","CORN","CORN, GRAIN - YIELD, MEASURED IN BU / ACRE","TOTAL","NOT SPECIFIED","33.5",""
"SURVEY","1871","YEAR","","STATE","MINNESOTA","27","","","","","","","00000000","","CORN","CORN, GRAIN - YIELD, MEASURED IN BU / ACRE","TOTAL","NOT SPECIFIED","35.5",""
"SURVEY","1870","YEAR","","STATE","MINNESOTA","27","","","","","","","00000000","","CORN","CORN, GRAIN - YIELD, MEASURED IN BU / ACRE","TOTAL","NOT SPECIFIED","31.5",""
"SURVEY","1869","YEAR","","STATE","MINNESOTA","27","","","","","","","00000000","","CORN","CORN, GRAIN - YIELD, MEASURED IN BU / ACRE","TOTAL","NOT SPECIFIED","29",""
"SURVEY","1868","YEAR","","STATE","MINNESOTA","27","","","","","","","00000000","","CORN","CORN, GRAIN - YIELD, MEASURED IN BU / ACRE","TOTAL","NOT SPECIFIED","37",""
"SURVEY","1867","YEAR","","STATE","MINNESOTA","27","","","","","","","00000000","","CORN","CORN, GRAIN - YIELD, MEASURED IN BU / ACRE","TOTAL","NOT SPECIFIED","35",""
"SURVEY","1866","YEAR","","STATE","MINNESOTA","27","","","","","","","00000000","","CORN","CORN, GRAIN - YIELD, MEASURED IN BU / ACRE","TOTAL","NOT SPECIFIED","23",""
